CHM1	refseq	vertebrate_mammalian	Homo_sapiens	GCF_000306695.2	CHM1_1.1
acrEch0	refseq	invertebrate	Acromyrmex_echinatior	GCF_000204515.1	Aech_3.9
ailMel1	refseq	vertebrate_mammalian	Ailuropoda_melanoleuca	GCF_000004335.2	AilMel_1.0
allMis1	refseq	vertebrate_other	Alligator_mississippiensis	GCF_000281125.1	allMis0.2
allSin1	refseq	vertebrate_other	Alligator_sinensis	GCF_000455745.1	ASM45574v1
anaPla1	refseq	vertebrate_other	Anas_platyrhynchos	GCF_000355885.1	BGI_duck_1.0
anoCar2	refseq	vertebrate_other	Anolis_carolinensis	GCF_000090745.1	AnoCar2.0
aotNan1	refseq	vertebrate_mammalian	Aotus_nancymaae	GCF_000952055.2	Anan_2.0
apaVit1	refseq	vertebrate_other	Apaloderma_vittatum	GCF_000703405.1	ASM70340v1
apiMel4	refseq	invertebrate	Apis_mellifera	GCF_000002195.4	Amel_4.5
aptFor1	refseq	vertebrate_other	Aptenodytes_forsteri	GCF_000699145.1	ASM69914v1
attCep0	refseq	invertebrate	Atta_cephalotes	GCF_000143395.1	Attacep1.0
balAcu1	refseq	vertebrate_mammalian	Balaenoptera_acutorostrata	GCF_000493695.1	BalAcu1.0
bosTau8	refseq	vertebrate_mammalian	Bos_taurus	GCF_000003055.5	Bos_taurus_UMD_3.1.1
bubBub1	refseq	vertebrate_mammalian	Bubalus_bubalis	GCF_000471725.1	UMD_CASPUR_WB_2.0
bucRhi1	refseq	vertebrate_other	Buceros_rhinoceros	GCF_000710305.1	ASM71030v1
caeRem4	refseq	invertebrate	Caenorhabditis_remanei	GCF_000149515.1	ASM14951v1
calAnn1	refseq	vertebrate_other	Calypte_anna	GCF_000699085.1	ASM69908v1
calJac3	refseq	vertebrate_mammalian	Callithrix_jacchus	GCF_000004665.1	Callithrix_jacchus-3.2
calMil1	refseq	vertebrate_other	Callorhinchus_milii	GCF_000165045.1	Callorhinchus_milii-6.1.3
camFer1	refseq	vertebrate_mammalian	Camelus_ferus	GCF_000311805.1	CB1
camFlo0	refseq	invertebrate	Camponotus_floridanus	GCF_000147175.1	CamFlo_1.0
canFam3	refseq	vertebrate_mammalian	Canis_lupus	GCF_000002285.3	CanFam3.1
capCar1	refseq	vertebrate_other	Caprimulgus_carolinensis	GCF_000700745.1	ASM70074v1
capHir1	refseq	vertebrate_mammalian	Capra_hircus	GCF_000317765.1	CHIR_1.0
carCri1	refseq	vertebrate_other	Cariama_cristata	GCF_000690535.1	ASM69053v1
cavPor3	refseq	vertebrate_mammalian	Cavia_porcellus	GCF_000151735.1	Cavpor3.0
ce11	refseq	invertebrate	Caenorhabditis_elegans	GCF_000002985.6	WBcel235
cebCap1	refseq	vertebrate_mammalian	Cebus_capucinus	GCF_001604975.1	Cebus_imitator-1.0
cerBir0	refseq	invertebrate	Cerapachys_biroi	GCF_000611835.1	CerBir1.0
cerSim1	refseq	vertebrate_mammalian	Ceratotherium_simum	GCF_000283155.1	CerSimSim1.0
chaVoc2	refseq	vertebrate_other	Charadrius_vociferus	GCF_000708025.1	ASM70802v2
cheMyd1	refseq	vertebrate_other	Chelonia_mydas	GCF_000344595.1	CheMyd_1.0
chlSab2	refseq	vertebrate_mammalian	Chlorocebus_sabaeus	GCF_000409795.2	Chlorocebus_sabeus_1.1
chlUnd1	refseq	vertebrate_other	Chlamydotis_macqueenii	GCF_000695195.1	ASM69519v1
chrAsi1	refseq	vertebrate_mammalian	Chrysochloris_asiatica	GCF_000296735.1	ChrAsi1.0
ci3	refseq	invertebrate	Ciona_intestinalis	GCF_000224145.1	KH
colAng1	refseq	vertebrate_mammalian	Colobus_angolensis	GCF_000951035.1	Cang.pa_1.0
colLiv1	refseq	vertebrate_other	Columba_livia	GCF_000337935.1	Cliv_1.0
colStr1	refseq	vertebrate_other	Colius_striatus	GCF_000690715.1	ASM69071v1
corBra1	refseq	vertebrate_other	Corvus_brachyrhynchos	GCF_000691975.1	ASM69197v1
criGriChoV1	refseq	vertebrate_mammalian	Cricetulus_griseus	GCF_000223135.1	CriGri_1.0
cucCan1	refseq	vertebrate_other	Cuculus_canorus	GCF_000709325.1	ASM70932v1
cynSem1	refseq	vertebrate_other	Cynoglossus_semilaevis	GCF_000523025.1	Cse_v1.0
danRer10	refseq	vertebrate_other	Danio_rerio	GCF_000002035.5	GRCz10
danRer11	refseq	vertebrate_other	Danio_rerio	GCF_000002035.6	GRCz11
danRer7	refseq	vertebrate_other	Danio_rerio	GCF_000002035.4	Zv9
dasNov3	refseq	vertebrate_mammalian	Dasypus_novemcinctus	GCF_000208655.1	Dasnov3.0
dipOrd2	refseq	vertebrate_mammalian	Dipodomys_ordii	GCF_000151885.1	Dord_2.0
dm6	refseq	invertebrate	Drosophila_melanogaster	GCF_000001215.4	Release_6_plus_ISO1_MT
droAna3	refseq	invertebrate	Drosophila_ananassae	GCF_000005115.1	dana_caf1
droBia2	refseq	invertebrate	Drosophila_biarmipes	GCF_000233415.1	Dbia_2.0
droBip2	refseq	invertebrate	Drosophila_bipectinata	GCF_000236285.1	Dbip_2.0
droEle2	refseq	invertebrate	Drosophila_elegans	GCF_000224195.1	Dele_2.0
droEre2	refseq	invertebrate	Drosophila_erecta	GCF_000005135.1	dere_caf1
droEug2	refseq	invertebrate	Drosophila_eugracilis	GCF_000236325.1	Deug_2.0
droFic2	refseq	invertebrate	Drosophila_ficusphila	GCF_000220665.1	Dfic_2.0
droGri2	refseq	invertebrate	Drosophila_grimshawi	GCF_000005155.2	dgri_caf1
droKik2	refseq	invertebrate	Drosophila_kikkawai	GCF_000224215.1	Dkik_2.0
droMir2	refseq	invertebrate	Drosophila_miranda	GCF_000269505.1	DroMir_2.2
droMoj3	refseq	invertebrate	Drosophila_mojavensis	GCF_000005175.2	dmoj_caf1
droPer1	refseq	invertebrate	Drosophila_persimilis	GCF_000005195.2	dper_caf1
droRho2	refseq	invertebrate	Drosophila_rhopaloa	GCF_000236305.1	Drho_2.0
droSim2	refseq	invertebrate	Drosophila_simulans	GCF_000754195.2	ASM75419v2
droSuz1	refseq	invertebrate	Drosophila_suzukii	GCF_000472105.1	Dsuzukii.v01
droTak2	refseq	invertebrate	Drosophila_takahashii	GCF_000224235.1	Dtak_2.0
droVir3	refseq	invertebrate	Drosophila_virilis	GCF_000005245.1	dvir_caf1
droWil2	refseq	invertebrate	Drosophila_willistoni	GCF_000005925.1	dwil_caf1
droYak3	refseq	invertebrate	Drosophila_yakuba	GCF_000005975.2	dyak_caf1
echTel2	refseq	vertebrate_mammalian	Echinops_telfairi	GCF_000313985.1	EchTel2.0
egrGar1	refseq	vertebrate_other	Egretta_garzetta	GCF_000687185.1	ASM68718v1
eleEdw1	refseq	vertebrate_mammalian	Elephantulus_edwardii	GCF_000299155.1	EleEdw1.0
eriEur2	refseq	vertebrate_mammalian	Erinaceus_europaeus	GCF_000296755.1	EriEur2.0
eurHel1	refseq	vertebrate_other	Eurypyga_helias	GCF_000690775.1	ASM69077v1
falChe1	refseq	vertebrate_other	Falco_cherrug	GCF_000337975.1	F_cherrug_v1.0
falPer1	refseq	vertebrate_other	Falco_peregrinus	GCF_000337955.1	F_peregrinus_v1.0
felCat5	refseq	vertebrate_mammalian	Felis_catus	GCF_000181335.1	Felis_catus-6.2
felCat8	refseq	vertebrate_mammalian	Felis_catus	GCF_000181335.2	Felis_catus_8.0
ficAlb1	refseq	vertebrate_other	Ficedula_albicollis	GCF_000247815.1	FicAlb1.5
ficAlb2	refseq	vertebrate_other	Ficedula_albicollis	GCF_000247815.1	FicAlb1.5
fr3	refseq	vertebrate_other	Takifugu_rubripes	GCF_000180615.1	FUGU5
fukDam1	refseq	vertebrate_mammalian	Fukomys_damarensis	GCF_000743615.1	DMR_v1.0
fulGla1	refseq	vertebrate_other	Fulmarus_glacialis	GCF_000690835.1	ASM69083v1
galGal4	refseq	vertebrate_other	Gallus_gallus	GCF_000002315.3	Gallus_gallus-4.0
galGal5	refseq	vertebrate_other	Gallus_gallus	GCF_000002315.4	Gallus_gallus-5.0
galVar1	refseq	vertebrate_mammalian	Galeopterus_variegatus	GCF_000696425.1	G_variegatus-3.0.2
gavSte1	refseq	vertebrate_other	Gavia_stellata	GCF_000690875.1	ASM69087v1
gekJap0	refseq	vertebrate_other	Gekko_japonicus	GCF_001447785.1	Gekko_japonicus_V1.1
geoFor1	refseq	vertebrate_other	Geospiza_fortis	GCF_000277835.1	GeoFor_1.0
halAlb1	refseq	vertebrate_other	Haliaeetus_albicilla	GCF_000691405.1	ASM69140v1
halLeu1	refseq	vertebrate_other	Haliaeetus_leucocephalus	GCF_000737465.1	Haliaeetus_leucocephalus-4.0
harSal0	refseq	invertebrate	Harpegnathos_saltator	GCF_000147195.1	HarSal_1.0
hetGla2	refseq	vertebrate_mammalian	Heterocephalus_glaber	GCF_000247695.1	HetGla_female_1.0
hg38	refseq	vertebrate_mammalian	Homo_sapiens	GCF_000001405.26	GRCh38
latCha1	refseq	vertebrate_other	Latimeria_chalumnae	GCF_000225785.1	LatCha1
lepDis1	refseq	vertebrate_other	Leptosomus_discolor	GCF_000691785.1	ASM69178v1
lepWed1	refseq	vertebrate_mammalian	Leptonychotes_weddellii	GCF_000349705.1	LepWed1.0
linHum0	refseq	invertebrate	Linepithema_humile	GCF_000217595.1	Lhum_UMD_V04
lipVex1	refseq	vertebrate_mammalian	Lipotes_vexillifer	GCF_000442215.1	Lipotes_vexillifer_v1
lotGig0	refseq	invertebrate	Lottia_gigantea	GCF_000327385.1	Helro1
macFas5	refseq	vertebrate_mammalian	Macaca_fascicularis	GCF_000364345.1	Macaca_fascicularis_5.0
mayZeb1	refseq	vertebrate_other	Maylandia_zebra	GCF_000238955.1	MetZeb1.1
melGal5	refseq	vertebrate_other	Meleagris_gallopavo	GCF_000146605.2	Turkey_5.0
melUnd1	refseq	vertebrate_other	Melopsittacus_undulatus	GCF_000238935.1	Melopsittacus_undulatus_6.3
merNub1	refseq	vertebrate_other	Merops_nubicus	GCF_000691845.1	ASM69184v1
mesAur1	refseq	vertebrate_mammalian	Mesocricetus_auratus	GCF_000349665.1	MesAur1.0
mesUni1	refseq	vertebrate_other	Mesitornis_unicolor	GCF_000695765.1	ASM69576v1
micMur2	refseq	vertebrate_mammalian	Microcebus_murinus	GCF_000165445.1	Mmur_2.0
micMur3	refseq	vertebrate_mammalian	Microcebus_murinus	GCF_000165445.2	Mmur_3.0
micOch1	refseq	vertebrate_mammalian	Microtus_ochrogaster	GCF_000317375.1	MicOch1.0
myoBra1	refseq	vertebrate_mammalian	Myotis_brandtii	GCF_000412655.1	ASM41265v1
myoDav1	refseq	vertebrate_mammalian	Myotis_davidii	GCF_000327345.1	ASM32734v1
myoLuc2	refseq	vertebrate_mammalian	Myotis_lucifugus	GCF_000147115.1	Myoluc2.0
nanGal1	refseq	vertebrate_mammalian	Nannospalax_galili	GCF_000622305.1	S.galili_v1.0
nipNip1	refseq	vertebrate_other	Nipponia_nippon	GCF_000708225.1	ASM70822v1
notCor1	refseq	vertebrate_other	Notothenia_coriiceps	GCF_000735185.1	NC01
opiHoa1	refseq	vertebrate_other	Opisthocomus_hoazin	GCF_000692075.1	ASM69207v1
orcOrc1	refseq	vertebrate_mammalian	Orcinus_orca	GCF_000331955.2	Oorc_1.1
oreNil2	refseq	vertebrate_other	Oreochromis_niloticus	GCF_000188235.2	Orenil1.1
oryAfe1	refseq	vertebrate_mammalian	Orycteropus_afer	GCF_000298275.1	OryAfe1.0
otoGar3	refseq	vertebrate_mammalian	Otolemur_garnettii	GCF_000181295.1	OtoGar3
oviAri3	refseq	vertebrate_mammalian	Ovis_aries	GCF_000298735.1	Oar_v3.1
panHod1	refseq	vertebrate_mammalian	Pantholops_hodgsonii	GCF_000400835.1	PHO1.0
panPan1	refseq	vertebrate_mammalian	Pan_paniscus	GCF_000258655.1	panpan1
panPan2	refseq	vertebrate_mammalian	Pan_paniscus	GCF_000258655.2	panpan1.1
panTig1	refseq	vertebrate_mammalian	Panthera_tigris	GCF_000464555.1	PanTig1.0
panTro4	refseq	vertebrate_mammalian	Pan_troglodytes	GCF_000001515.6	Pan_troglodytes-2.1.4
panTro5	refseq	vertebrate_mammalian	Pan_troglodytes	GCF_000001515.7	Pan_tro_3.0
papAnu2	refseq	vertebrate_mammalian	Papio_anubis	GCF_000264685.1	Panu_2.0
papAnu3	refseq	vertebrate_mammalian	Papio_anubis	GCF_000264685.2	Panu_2.0
papAnu4	refseq	vertebrate_mammalian	Papio_anubis	GCF_000264685.3	Panu_3.0
pelCri1	refseq	vertebrate_other	Pelecanus_crispus	GCF_000687375.1	ASM68737v1
pelSin1	refseq	vertebrate_other	Pelodiscus_sinensis	GCF_000230535.1	PelSin_1.0
perManBai1	refseq	vertebrate_mammalian	Peromyscus_maniculatus	GCF_000500345.1	Pman_1.0
phaCar1	refseq	vertebrate_other	Phalacrocorax_carbo	GCF_000708925.1	ASM70892v1
phaLep1	refseq	vertebrate_other	Phaethon_lepturus	GCF_000687285.1	ASM68728v1
phyCat1	refseq	vertebrate_mammalian	Physeter_catodon	GCF_000472045.1	Physeter_macrocephalus-2.0.2
picPub1	refseq	vertebrate_other	Picoides_pubescens	GCF_000699005.1	ASM69900v1
poeFor1	refseq	vertebrate_other	Poecilia_formosa	GCF_000485575.1	Poecilia_formosa-5.1.2
pogBar0	refseq	invertebrate	Pogonomyrmex_barbatus	GCF_000187915.1	Pbar_UMD_V03
proCoq1	refseq	vertebrate_mammalian	Propithecus_coquereli	GCF_000956105.1	Pcoq_1.0
pseHum1	refseq	vertebrate_other	Pseudopodoces_humilis	GCF_000331425.1	PseHum1.0
pteGut1	refseq	vertebrate_other	Pterocles_gutturalis	GCF_000699245.1	ASM69924v1
pytBiv0	refseq	vertebrate_other	Python_bivittatus	GCF_000186305.1	Python_molurus_bivittatus-5.0.2
pytBiv1	refseq	vertebrate_other	Python_bivittatus	GCF_000186305.1	Python_molurus_bivittatus-5.0.2
rheMac8	refseq	vertebrate_mammalian	Macaca_mulatta	GCF_000772875.2	Mmul_8.0.1
rhiRox1	refseq	vertebrate_mammalian	Rhinopithecus_roxellana	GCF_000769185.1	Rrox_v1
rouAeg1	refseq	vertebrate_mammalian	Rousettus_aegyptiacus	GCF_001466805.2	Raegyp2.0
sarCer3	refseq	fungi	Saccharomyces_cerevisiae	GCF_000146045.2	R64
sarHar1	refseq	vertebrate_mammalian	Sarcophilus_harrisii	GCF_000189315.1	Devil_ref_v7.0
solInv0	refseq	invertebrate	Solenopsis_invicta	GCF_000188075.1	Si_gnG
sorAra2	refseq	vertebrate_mammalian	Sorex_araneus	GCF_000181275.1	SorAra2.0
speTri2	refseq	vertebrate_mammalian	Ictidomys_tridecemlineatus	GCF_000236235.1	SpeTri2.0
strCam1	refseq	vertebrate_other	Struthio_camelus	GCF_000698965.1	ASM69896v1
strPur4	refseq	invertebrate	Strongylocentrotus_purpuratus	GCF_000002235.3	Spur_3.1
susScr11	refseq	vertebrate_mammalian	Sus_scrofa	GCF_000003025.6	Sscrofa11.1
susScr3	refseq	vertebrate_mammalian	Sus_scrofa	GCF_000003025.5	Sscrofa10.2
taeGut2	refseq	vertebrate_other	Taeniopygia_guttata	GCF_000151805.1	Taeniopygia_guttata-3.2.4
tarSyr2	refseq	vertebrate_mammalian	Tarsius_syrichta	GCF_000164805.1	Tarsius_syrichta-2.0.1
tauEry1	refseq	vertebrate_other	Tauraco_erythrolophus	GCF_000709365.1	ASM70936v1
thaSir0	refseq	vertebrate_other	Thamnophis_sirtalis	GCF_001077635.1	Thamnophis_sirtalis-6.0
tinGut2	refseq	vertebrate_other	Tinamus_guttatus	GCF_000705375.1	ASM70537v2
triMan1	refseq	vertebrate_mammalian	Trichechus_manatus	GCF_000243295.1	TriManLat1.0
tupChi1	refseq	vertebrate_mammalian	Tupaia_chinensis	GCF_000334495.1	TupChi_1.0
tytAlb1	refseq	vertebrate_other	Tyto_alba	GCF_000687205.1	ASM68720v1
ursMar1	refseq	vertebrate_mammalian	Ursus_maritimus	GCF_000687225.1	UrsMar_1.0
xenLae2	refseq	vertebrate_other	Xenopus_laevis	GCF_001663975.1	Xenopus_laevis_v2
xenTro7	refseq	vertebrate_other	Xenopus_tropicalis	GCF_000004195.2	Xtropicalis_v7
xenTro9	refseq	vertebrate_other	Xenopus_tropicalis	GCF_000004195.3	Xenopus_tropicalis_v9.1
xipMac1	refseq	vertebrate_other	Xiphophorus_maculatus	GCF_000241075.1	Xiphophorus_maculatus-4.4.2
zonAlb1	refseq	vertebrate_other	Zonotrichia_albicollis	GCF_000385455.1	Zonotrichia_albicollis-1.0.1
